{
  "UNK.TP": 2,
  "employer.TP": 7953,
  "occupation.TP": 1321,
  "UNK.FP": 2,
  "employer.FP": 459,
  "occupation.FP": 194,
  "UNK.TN": 9656,
  "employer.TN": 1425,
  "occupation.TN": 8126,
  "UNK.FN": 271,
  "employer.FN": 94,
  "occupation.FN": 290,
  "balanced_accuracy": 0.6052107402456226,
  "precision": 0.9212690687592954,
  "recall": 0.9340449098781592,
  "test_items": 9931,
  "theta_size": 30.224635660473194
}