{
  "UNK.TP": 1,
  "employer.TP": 7976,
  "occupation.TP": 1300,
  "UNK.FP": 1,
  "employer.FP": 484,
  "occupation.FP": 169,
  "UNK.TN": 9657,
  "employer.TN": 1400,
  "occupation.TN": 8151,
  "UNK.FN": 272,
  "employer.FN": 71,
  "occupation.FN": 311,
  "balanced_accuracy": 0.6005973477837451,
  "precision": 0.9212356875234364,
  "recall": 0.9341456046722384,
  "test_items": 9931,
  "theta_size": 0
}