{
  "UNK.TP": 2,
  "employer.TP": 7980,
  "occupation.TP": 1320,
  "UNK.FP": 1,
  "employer.FP": 467,
  "occupation.FP": 161,
  "UNK.TN": 9657,
  "employer.TN": 1417,
  "occupation.TN": 8159,
  "UNK.FN": 271,
  "employer.FN": 67,
  "occupation.FN": 291,
  "balanced_accuracy": 0.6061222586524705,
  "precision": 0.9284041906269638,
  "recall": 0.9366629745242171,
  "test_items": 9931,
  "theta_size": 0
}