{
  "UNK.TP": 0,
  "employer.TP": 5300,
  "occupation.TP": 872,
  "UNK.FP": 2,
  "employer.FP": 317,
  "occupation.FP": 130,
  "UNK.TN": 6437,
  "employer.TN": 939,
  "occupation.TN": 5417,
  "UNK.FN": 182,
  "employer.FN": 65,
  "occupation.FN": 202,
  "accuracy": 0.9321854704727383,
  "test_items": 6621,
  "theta_size": 13.806169524988077
}