{
  "UNK.TP": 30,
  "employer.TP": 7848,
  "occupation.TP": 1174,
  "UNK.FP": 98,
  "employer.FP": 536,
  "occupation.FP": 245,
  "UNK.TN": 9560,
  "employer.TN": 1348,
  "occupation.TN": 8075,
  "UNK.FN": 243,
  "employer.FN": 199,
  "occupation.FN": 437,
  "balanced_accuracy": 0.604633436683689,
  "precision": 0.8991419914026784,
  "recall": 0.9114892760044305,
  "test_items": 9931,
  "theta_size": 0
}